{
  "users": {
    "6285668528782@s.whatsapp.net": {
      "banned": false,
      "exp": 0,
      "level": 1,
      "money": 0,
      "energy": 50,
      "lastdaily": 0,
      "lastmisi": 0,
      "lastmining": 0,
      "botol": 0,
      "kaleng": 0,
      "gelas": 0,
      "kardus": 0,
      "plastik": 0,
      "lastheal": 0,
      "lastdungeon": 0,
      "sword": 0,
      "armor": 0,
      "pickaxe": 0,
      "sworddurability": 0,
      "pickaxedurability": 0,
      "armordurability": 0,
      "fishingroddurability": 0,
      "umpan": 0,
      "lastumpan": 0,
      "heath": 100,
      "potion": 0,
      "trash": 0,
      "wood": 0,
      "rock": 0,
      "string": 0,
      "iron": 0,
      "gold": 0,
      "diamond": 0,
      "emerald": 0,
      "upgrader": 0,
      "bibitanggur": 0,
      "bibitmangga": 0,
      "bibitpisang": 0,
      "bibitapel": 0,
      "bibitjeruk": 0,
      "anggur": 0,
      "mangga": 0,
      "pisang": 0,
      "apel": 0,
      "jeruk": 0,
      "lastmulung": 0,
      "gandum": 0,
      "minyak": 0,
      "garam": 0,
      "common": 0,
      "uncommon": 0,
      "mythic": 0,
      "legendary": 0,
      "fishingrod": 0,
      "pet": 0,
      "petfood": 0,
      "horse": 0,
      "cat": 0,
      "dog": 0,
      "fox": 0,
      "robo": 0,
      "steak": 0,
      "ayam_goreng": 0,
      "ribs": 0,
      "roti": 0,
      "udang_goreng": 0,
      "bacon": 0,
      "kepiting": 0,
      "lobster": 0,
      "udang": 0,
      "cumi": 0,
      "gurita": 0,
      "buntal": 0,
      "dory": 0,
      "orca": 0,
      "lumba": 0,
      "paus": 0,
      "atm": 0,
      "hiu": 0,
      "phoenix": 0,
      "bank": 0
    },
    "6285765183832@s.whatsapp.net": {
      "banned": false,
      "exp": 0,
      "level": 1,
      "money": 0,
      "energy": 50,
      "lastdaily": 0,
      "lastmisi": 0,
      "lastmining": 0,
      "botol": 0,
      "kaleng": 0,
      "gelas": 0,
      "kardus": 0,
      "plastik": 0,
      "lastheal": 0,
      "lastdungeon": 0,
      "sword": 0,
      "armor": 0,
      "pickaxe": 0,
      "sworddurability": 0,
      "pickaxedurability": 0,
      "armordurability": 0,
      "fishingroddurability": 0,
      "umpan": 0,
      "lastumpan": 0,
      "heath": 100,
      "potion": 0,
      "trash": 0,
      "wood": 0,
      "rock": 0,
      "string": 0,
      "iron": 0,
      "gold": 0,
      "diamond": 0,
      "emerald": 0,
      "upgrader": 0,
      "bibitanggur": 0,
      "bibitmangga": 0,
      "bibitpisang": 0,
      "bibitapel": 0,
      "bibitjeruk": 0,
      "anggur": 0,
      "mangga": 0,
      "pisang": 0,
      "apel": 0,
      "jeruk": 0,
      "lastmulung": 0,
      "gandum": 0,
      "minyak": 0,
      "garam": 0,
      "common": 0,
      "uncommon": 0,
      "mythic": 0,
      "legendary": 0,
      "fishingrod": 0,
      "pet": 0,
      "petfood": 0,
      "horse": 0,
      "cat": 0,
      "dog": 0,
      "fox": 0,
      "robo": 0,
      "steak": 0,
      "ayam_goreng": 0,
      "ribs": 0,
      "roti": 0,
      "udang_goreng": 0,
      "bacon": 0,
      "kepiting": 0,
      "lobster": 0,
      "udang": 0,
      "cumi": 0,
      "gurita": 0,
      "buntal": 0,
      "dory": 0,
      "orca": 0,
      "lumba": 0,
      "paus": 0,
      "atm": 0,
      "hiu": 0,
      "phoenix": 0,
      "bank": 0
    },
    "6281527100923@s.whatsapp.net": {
      "banned": false,
      "exp": 0,
      "level": 1,
      "money": 0,
      "energy": 50,
      "lastdaily": 0,
      "lastmisi": 0,
      "lastmining": 0,
      "botol": 0,
      "kaleng": 0,
      "gelas": 0,
      "kardus": 0,
      "plastik": 0,
      "lastheal": 0,
      "lastdungeon": 0,
      "sword": 0,
      "armor": 0,
      "pickaxe": 0,
      "sworddurability": 0,
      "pickaxedurability": 0,
      "armordurability": 0,
      "fishingroddurability": 0,
      "umpan": 0,
      "lastumpan": 0,
      "heath": 100,
      "potion": 0,
      "trash": 0,
      "wood": 0,
      "rock": 0,
      "string": 0,
      "iron": 0,
      "gold": 0,
      "diamond": 0,
      "emerald": 0,
      "upgrader": 0,
      "bibitanggur": 0,
      "bibitmangga": 0,
      "bibitpisang": 0,
      "bibitapel": 0,
      "bibitjeruk": 0,
      "anggur": 0,
      "mangga": 0,
      "pisang": 0,
      "apel": 0,
      "jeruk": 0,
      "lastmulung": 0,
      "gandum": 0,
      "minyak": 0,
      "garam": 0,
      "common": 0,
      "uncommon": 0,
      "mythic": 0,
      "legendary": 0,
      "fishingrod": 0,
      "pet": 0,
      "petfood": 0,
      "horse": 0,
      "cat": 0,
      "dog": 0,
      "fox": 0,
      "robo": 0,
      "steak": 0,
      "ayam_goreng": 0,
      "ribs": 0,
      "roti": 0,
      "udang_goreng": 0,
      "bacon": 0,
      "kepiting": 0,
      "lobster": 0,
      "udang": 0,
      "cumi": 0,
      "gurita": 0,
      "buntal": 0,
      "dory": 0,
      "orca": 0,
      "lumba": 0,
      "paus": 0,
      "atm": 0,
      "hiu": 0,
      "phoenix": 0,
      "bank": 0
    },
    "62856965730231@s.whatsapp.net": {
      "banned": false,
      "exp": 0,
      "level": 1,
      "money": 0,
      "energy": 50,
      "lastdaily": 0,
      "lastmisi": 0,
      "lastmining": 0,
      "botol": 0,
      "kaleng": 0,
      "gelas": 0,
      "kardus": 0,
      "plastik": 0,
      "lastheal": 0,
      "lastdungeon": 0,
      "sword": 0,
      "armor": 0,
      "pickaxe": 0,
      "sworddurability": 0,
      "pickaxedurability": 0,
      "armordurability": 0,
      "fishingroddurability": 0,
      "umpan": 0,
      "lastumpan": 0,
      "heath": 100,
      "potion": 0,
      "trash": 0,
      "wood": 0,
      "rock": 0,
      "string": 0,
      "iron": 0,
      "gold": 0,
      "diamond": 0,
      "emerald": 0,
      "upgrader": 0,
      "bibitanggur": 0,
      "bibitmangga": 0,
      "bibitpisang": 0,
      "bibitapel": 0,
      "bibitjeruk": 0,
      "anggur": 0,
      "mangga": 0,
      "pisang": 0,
      "apel": 0,
      "jeruk": 0,
      "lastmulung": 0,
      "gandum": 0,
      "minyak": 0,
      "garam": 0,
      "common": 0,
      "uncommon": 0,
      "mythic": 0,
      "legendary": 0,
      "fishingrod": 0,
      "pet": 0,
      "petfood": 0,
      "horse": 0,
      "cat": 0,
      "dog": 0,
      "fox": 0,
      "robo": 0,
      "steak": 0,
      "ayam_goreng": 0,
      "ribs": 0,
      "roti": 0,
      "udang_goreng": 0,
      "bacon": 0,
      "kepiting": 0,
      "lobster": 0,
      "udang": 0,
      "cumi": 0,
      "gurita": 0,
      "buntal": 0,
      "dory": 0,
      "orca": 0,
      "lumba": 0,
      "paus": 0,
      "atm": 0,
      "hiu": 0,
      "phoenix": 0,
      "bank": 0
    },
    "628988685425@s.whatsapp.net": {
      "banned": false,
      "exp": 0,
      "level": 1,
      "money": 0,
      "energy": 50,
      "lastdaily": 0,
      "lastmisi": 0,
      "lastmining": 0,
      "botol": 0,
      "kaleng": 0,
      "gelas": 0,
      "kardus": 0,
      "plastik": 0,
      "lastheal": 0,
      "lastdungeon": 0,
      "sword": 0,
      "armor": 0,
      "pickaxe": 0,
      "sworddurability": 0,
      "pickaxedurability": 0,
      "armordurability": 0,
      "fishingroddurability": 0,
      "umpan": 0,
      "lastumpan": 0,
      "heath": 100,
      "potion": 0,
      "trash": 0,
      "wood": 0,
      "rock": 0,
      "string": 0,
      "iron": 0,
      "gold": 0,
      "diamond": 0,
      "emerald": 0,
      "upgrader": 0,
      "bibitanggur": 0,
      "bibitmangga": 0,
      "bibitpisang": 0,
      "bibitapel": 0,
      "bibitjeruk": 0,
      "anggur": 0,
      "mangga": 0,
      "pisang": 0,
      "apel": 0,
      "jeruk": 0,
      "lastmulung": 0,
      "gandum": 0,
      "minyak": 0,
      "garam": 0,
      "common": 0,
      "uncommon": 0,
      "mythic": 0,
      "legendary": 0,
      "fishingrod": 0,
      "pet": 0,
      "petfood": 0,
      "horse": 0,
      "cat": 0,
      "dog": 0,
      "fox": 0,
      "robo": 0,
      "steak": 0,
      "ayam_goreng": 0,
      "ribs": 0,
      "roti": 0,
      "udang_goreng": 0,
      "bacon": 0,
      "kepiting": 0,
      "lobster": 0,
      "udang": 0,
      "cumi": 0,
      "gurita": 0,
      "buntal": 0,
      "dory": 0,
      "orca": 0,
      "lumba": 0,
      "paus": 0,
      "atm": 0,
      "hiu": 0,
      "phoenix": 0,
      "bank": 0
    },
    "120363369674093146@newsletter": {
      "banned": false,
      "exp": 0,
      "level": 1,
      "money": 0,
      "energy": 50,
      "lastdaily": 0,
      "lastmisi": 0,
      "lastmining": 0,
      "botol": 0,
      "kaleng": 0,
      "gelas": 0,
      "kardus": 0,
      "plastik": 0,
      "lastheal": 0,
      "lastdungeon": 0,
      "sword": 0,
      "armor": 0,
      "pickaxe": 0,
      "sworddurability": 0,
      "pickaxedurability": 0,
      "armordurability": 0,
      "fishingroddurability": 0,
      "umpan": 0,
      "lastumpan": 0,
      "heath": 100,
      "potion": 0,
      "trash": 0,
      "wood": 0,
      "rock": 0,
      "string": 0,
      "iron": 0,
      "gold": 0,
      "diamond": 0,
      "emerald": 0,
      "upgrader": 0,
      "bibitanggur": 0,
      "bibitmangga": 0,
      "bibitpisang": 0,
      "bibitapel": 0,
      "bibitjeruk": 0,
      "anggur": 0,
      "mangga": 0,
      "pisang": 0,
      "apel": 0,
      "jeruk": 0,
      "lastmulung": 0,
      "gandum": 0,
      "minyak": 0,
      "garam": 0,
      "common": 0,
      "uncommon": 0,
      "mythic": 0,
      "legendary": 0,
      "fishingrod": 0,
      "pet": 0,
      "petfood": 0,
      "horse": 0,
      "cat": 0,
      "dog": 0,
      "fox": 0,
      "robo": 0,
      "steak": 0,
      "ayam_goreng": 0,
      "ribs": 0,
      "roti": 0,
      "udang_goreng": 0,
      "bacon": 0,
      "kepiting": 0,
      "lobster": 0,
      "udang": 0,
      "cumi": 0,
      "gurita": 0,
      "buntal": 0,
      "dory": 0,
      "orca": 0,
      "lumba": 0,
      "paus": 0,
      "atm": 0,
      "hiu": 0,
      "phoenix": 0,
      "bank": 0
    },
    "6289518363262@s.whatsapp.net": {
      "banned": false,
      "exp": 0,
      "level": 1,
      "money": 0,
      "energy": 50,
      "lastdaily": 0,
      "lastmisi": 0,
      "lastmining": 0,
      "botol": 0,
      "kaleng": 0,
      "gelas": 0,
      "kardus": 0,
      "plastik": 0,
      "lastheal": 0,
      "lastdungeon": 0,
      "sword": 0,
      "armor": 0,
      "pickaxe": 0,
      "sworddurability": 0,
      "pickaxedurability": 0,
      "armordurability": 0,
      "fishingroddurability": 0,
      "umpan": 0,
      "lastumpan": 0,
      "heath": 100,
      "potion": 0,
      "trash": 0,
      "wood": 0,
      "rock": 0,
      "string": 0,
      "iron": 0,
      "gold": 0,
      "diamond": 0,
      "emerald": 0,
      "upgrader": 0,
      "bibitanggur": 0,
      "bibitmangga": 0,
      "bibitpisang": 0,
      "bibitapel": 0,
      "bibitjeruk": 0,
      "anggur": 0,
      "mangga": 0,
      "pisang": 0,
      "apel": 0,
      "jeruk": 0,
      "lastmulung": 0,
      "gandum": 0,
      "minyak": 0,
      "garam": 0,
      "common": 0,
      "uncommon": 0,
      "mythic": 0,
      "legendary": 0,
      "fishingrod": 0,
      "pet": 0,
      "petfood": 0,
      "horse": 0,
      "cat": 0,
      "dog": 0,
      "fox": 0,
      "robo": 0,
      "steak": 0,
      "ayam_goreng": 0,
      "ribs": 0,
      "roti": 0,
      "udang_goreng": 0,
      "bacon": 0,
      "kepiting": 0,
      "lobster": 0,
      "udang": 0,
      "cumi": 0,
      "gurita": 0,
      "buntal": 0,
      "dory": 0,
      "orca": 0,
      "lumba": 0,
      "paus": 0,
      "atm": 0,
      "hiu": 0,
      "phoenix": 0,
      "bank": 0
    },
    "6285766057494@s.whatsapp.net": {
      "banned": false,
      "exp": 0,
      "level": 1,
      "money": 0,
      "energy": 50,
      "lastdaily": 0,
      "lastmisi": 0,
      "lastmining": 0,
      "botol": 0,
      "kaleng": 0,
      "gelas": 0,
      "kardus": 0,
      "plastik": 0,
      "lastheal": 0,
      "lastdungeon": 0,
      "sword": 0,
      "armor": 0,
      "pickaxe": 0,
      "sworddurability": 0,
      "pickaxedurability": 0,
      "armordurability": 0,
      "fishingroddurability": 0,
      "umpan": 0,
      "lastumpan": 0,
      "heath": 100,
      "potion": 0,
      "trash": 0,
      "wood": 0,
      "rock": 0,
      "string": 0,
      "iron": 0,
      "gold": 0,
      "diamond": 0,
      "emerald": 0,
      "upgrader": 0,
      "bibitanggur": 0,
      "bibitmangga": 0,
      "bibitpisang": 0,
      "bibitapel": 0,
      "bibitjeruk": 0,
      "anggur": 0,
      "mangga": 0,
      "pisang": 0,
      "apel": 0,
      "jeruk": 0,
      "lastmulung": 0,
      "gandum": 0,
      "minyak": 0,
      "garam": 0,
      "common": 0,
      "uncommon": 0,
      "mythic": 0,
      "legendary": 0,
      "fishingrod": 0,
      "pet": 0,
      "petfood": 0,
      "horse": 0,
      "cat": 0,
      "dog": 0,
      "fox": 0,
      "robo": 0,
      "steak": 0,
      "ayam_goreng": 0,
      "ribs": 0,
      "roti": 0,
      "udang_goreng": 0,
      "bacon": 0,
      "kepiting": 0,
      "lobster": 0,
      "udang": 0,
      "cumi": 0,
      "gurita": 0,
      "buntal": 0,
      "dory": 0,
      "orca": 0,
      "lumba": 0,
      "paus": 0,
      "atm": 0,
      "hiu": 0,
      "phoenix": 0,
      "bank": 0
    },
    "62856965730236@s.whatsapp.net": {
      "banned": false,
      "exp": 0,
      "level": 1,
      "money": 0,
      "energy": 50,
      "lastdaily": 0,
      "lastmisi": 0,
      "lastmining": 0,
      "botol": 0,
      "kaleng": 0,
      "gelas": 0,
      "kardus": 0,
      "plastik": 0,
      "lastheal": 0,
      "lastdungeon": 0,
      "sword": 0,
      "armor": 0,
      "pickaxe": 0,
      "sworddurability": 0,
      "pickaxedurability": 0,
      "armordurability": 0,
      "fishingroddurability": 0,
      "umpan": 0,
      "lastumpan": 0,
      "heath": 100,
      "potion": 0,
      "trash": 0,
      "wood": 0,
      "rock": 0,
      "string": 0,
      "iron": 0,
      "gold": 0,
      "diamond": 0,
      "emerald": 0,
      "upgrader": 0,
      "bibitanggur": 0,
      "bibitmangga": 0,
      "bibitpisang": 0,
      "bibitapel": 0,
      "bibitjeruk": 0,
      "anggur": 0,
      "mangga": 0,
      "pisang": 0,
      "apel": 0,
      "jeruk": 0,
      "lastmulung": 0,
      "gandum": 0,
      "minyak": 0,
      "garam": 0,
      "common": 0,
      "uncommon": 0,
      "mythic": 0,
      "legendary": 0,
      "fishingrod": 0,
      "pet": 0,
      "petfood": 0,
      "horse": 0,
      "cat": 0,
      "dog": 0,
      "fox": 0,
      "robo": 0,
      "steak": 0,
      "ayam_goreng": 0,
      "ribs": 0,
      "roti": 0,
      "udang_goreng": 0,
      "bacon": 0,
      "kepiting": 0,
      "lobster": 0,
      "udang": 0,
      "cumi": 0,
      "gurita": 0,
      "buntal": 0,
      "dory": 0,
      "orca": 0,
      "lumba": 0,
      "paus": 0,
      "atm": 0,
      "hiu": 0,
      "phoenix": 0,
      "bank": 0
    },
    "6283846754143@s.whatsapp.net": {
      "banned": false,
      "exp": 0,
      "level": 1,
      "money": 0,
      "energy": 50,
      "lastdaily": 0,
      "lastmisi": 0,
      "lastmining": 0,
      "botol": 0,
      "kaleng": 0,
      "gelas": 0,
      "kardus": 0,
      "plastik": 0,
      "lastheal": 0,
      "lastdungeon": 0,
      "sword": 0,
      "armor": 0,
      "pickaxe": 0,
      "sworddurability": 0,
      "pickaxedurability": 0,
      "armordurability": 0,
      "fishingroddurability": 0,
      "umpan": 0,
      "lastumpan": 0,
      "heath": 100,
      "potion": 0,
      "trash": 0,
      "wood": 0,
      "rock": 0,
      "string": 0,
      "iron": 0,
      "gold": 0,
      "diamond": 0,
      "emerald": 0,
      "upgrader": 0,
      "bibitanggur": 0,
      "bibitmangga": 0,
      "bibitpisang": 0,
      "bibitapel": 0,
      "bibitjeruk": 0,
      "anggur": 0,
      "mangga": 0,
      "pisang": 0,
      "apel": 0,
      "jeruk": 0,
      "lastmulung": 0,
      "gandum": 0,
      "minyak": 0,
      "garam": 0,
      "common": 0,
      "uncommon": 0,
      "mythic": 0,
      "legendary": 0,
      "fishingrod": 0,
      "pet": 0,
      "petfood": 0,
      "horse": 0,
      "cat": 0,
      "dog": 0,
      "fox": 0,
      "robo": 0,
      "steak": 0,
      "ayam_goreng": 0,
      "ribs": 0,
      "roti": 0,
      "udang_goreng": 0,
      "bacon": 0,
      "kepiting": 0,
      "lobster": 0,
      "udang": 0,
      "cumi": 0,
      "gurita": 0,
      "buntal": 0,
      "dory": 0,
      "orca": 0,
      "lumba": 0,
      "paus": 0,
      "atm": 0,
      "hiu": 0,
      "phoenix": 0,
      "bank": 0
    },
    "62856965730232@s.whatsapp.net": {
      "banned": false,
      "exp": 0,
      "level": 1,
      "money": 0,
      "energy": 50,
      "lastdaily": 0,
      "lastmisi": 0,
      "lastmining": 0,
      "botol": 0,
      "kaleng": 0,
      "gelas": 0,
      "kardus": 0,
      "plastik": 0,
      "lastheal": 0,
      "lastdungeon": 0,
      "sword": 0,
      "armor": 0,
      "pickaxe": 0,
      "sworddurability": 0,
      "pickaxedurability": 0,
      "armordurability": 0,
      "fishingroddurability": 0,
      "umpan": 0,
      "lastumpan": 0,
      "heath": 100,
      "potion": 0,
      "trash": 0,
      "wood": 0,
      "rock": 0,
      "string": 0,
      "iron": 0,
      "gold": 0,
      "diamond": 0,
      "emerald": 0,
      "upgrader": 0,
      "bibitanggur": 0,
      "bibitmangga": 0,
      "bibitpisang": 0,
      "bibitapel": 0,
      "bibitjeruk": 0,
      "anggur": 0,
      "mangga": 0,
      "pisang": 0,
      "apel": 0,
      "jeruk": 0,
      "lastmulung": 0,
      "gandum": 0,
      "minyak": 0,
      "garam": 0,
      "common": 0,
      "uncommon": 0,
      "mythic": 0,
      "legendary": 0,
      "fishingrod": 0,
      "pet": 0,
      "petfood": 0,
      "horse": 0,
      "cat": 0,
      "dog": 0,
      "fox": 0,
      "robo": 0,
      "steak": 0,
      "ayam_goreng": 0,
      "ribs": 0,
      "roti": 0,
      "udang_goreng": 0,
      "bacon": 0,
      "kepiting": 0,
      "lobster": 0,
      "udang": 0,
      "cumi": 0,
      "gurita": 0,
      "buntal": 0,
      "dory": 0,
      "orca": 0,
      "lumba": 0,
      "paus": 0,
      "atm": 0,
      "hiu": 0,
      "phoenix": 0,
      "bank": 0
    },
    "120363257033988496@newsletter": {
      "banned": false,
      "exp": 0,
      "level": 1,
      "money": 0,
      "energy": 50,
      "lastdaily": 0,
      "lastmisi": 0,
      "lastmining": 0,
      "botol": 0,
      "kaleng": 0,
      "gelas": 0,
      "kardus": 0,
      "plastik": 0,
      "lastheal": 0,
      "lastdungeon": 0,
      "sword": 0,
      "armor": 0,
      "pickaxe": 0,
      "sworddurability": 0,
      "pickaxedurability": 0,
      "armordurability": 0,
      "fishingroddurability": 0,
      "umpan": 0,
      "lastumpan": 0,
      "heath": 100,
      "potion": 0,
      "trash": 0,
      "wood": 0,
      "rock": 0,
      "string": 0,
      "iron": 0,
      "gold": 0,
      "diamond": 0,
      "emerald": 0,
      "upgrader": 0,
      "bibitanggur": 0,
      "bibitmangga": 0,
      "bibitpisang": 0,
      "bibitapel": 0,
      "bibitjeruk": 0,
      "anggur": 0,
      "mangga": 0,
      "pisang": 0,
      "apel": 0,
      "jeruk": 0,
      "lastmulung": 0,
      "gandum": 0,
      "minyak": 0,
      "garam": 0,
      "common": 0,
      "uncommon": 0,
      "mythic": 0,
      "legendary": 0,
      "fishingrod": 0,
      "pet": 0,
      "petfood": 0,
      "horse": 0,
      "cat": 0,
      "dog": 0,
      "fox": 0,
      "robo": 0,
      "steak": 0,
      "ayam_goreng": 0,
      "ribs": 0,
      "roti": 0,
      "udang_goreng": 0,
      "bacon": 0,
      "kepiting": 0,
      "lobster": 0,
      "udang": 0,
      "cumi": 0,
      "gurita": 0,
      "buntal": 0,
      "dory": 0,
      "orca": 0,
      "lumba": 0,
      "paus": 0,
      "atm": 0,
      "hiu": 0,
      "phoenix": 0,
      "bank": 0
    },
    "6285184294338@s.whatsapp.net": {
      "banned": false,
      "exp": 0,
      "level": 1,
      "money": 0,
      "energy": 50,
      "lastdaily": 0,
      "lastmisi": 0,
      "lastmining": 0,
      "botol": 0,
      "kaleng": 0,
      "gelas": 0,
      "kardus": 0,
      "plastik": 0,
      "lastheal": 0,
      "lastdungeon": 0,
      "sword": 0,
      "armor": 0,
      "pickaxe": 0,
      "sworddurability": 0,
      "pickaxedurability": 0,
      "armordurability": 0,
      "fishingroddurability": 0,
      "umpan": 0,
      "lastumpan": 0,
      "heath": 100,
      "potion": 0,
      "trash": 0,
      "wood": 0,
      "rock": 0,
      "string": 0,
      "iron": 0,
      "gold": 0,
      "diamond": 0,
      "emerald": 0,
      "upgrader": 0,
      "bibitanggur": 0,
      "bibitmangga": 0,
      "bibitpisang": 0,
      "bibitapel": 0,
      "bibitjeruk": 0,
      "anggur": 0,
      "mangga": 0,
      "pisang": 0,
      "apel": 0,
      "jeruk": 0,
      "lastmulung": 0,
      "gandum": 0,
      "minyak": 0,
      "garam": 0,
      "common": 0,
      "uncommon": 0,
      "mythic": 0,
      "legendary": 0,
      "fishingrod": 0,
      "pet": 0,
      "petfood": 0,
      "horse": 0,
      "cat": 0,
      "dog": 0,
      "fox": 0,
      "robo": 0,
      "steak": 0,
      "ayam_goreng": 0,
      "ribs": 0,
      "roti": 0,
      "udang_goreng": 0,
      "bacon": 0,
      "kepiting": 0,
      "lobster": 0,
      "udang": 0,
      "cumi": 0,
      "gurita": 0,
      "buntal": 0,
      "dory": 0,
      "orca": 0,
      "lumba": 0,
      "paus": 0,
      "atm": 0,
      "hiu": 0,
      "phoenix": 0,
      "bank": 0
    },
    "6289513589772@s.whatsapp.net": {
      "banned": false,
      "exp": 0,
      "level": 1,
      "money": 0,
      "energy": 50,
      "lastdaily": 0,
      "lastmisi": 0,
      "lastmining": 0,
      "botol": 0,
      "kaleng": 0,
      "gelas": 0,
      "kardus": 0,
      "plastik": 0,
      "lastheal": 0,
      "lastdungeon": 0,
      "sword": 0,
      "armor": 0,
      "pickaxe": 0,
      "sworddurability": 0,
      "pickaxedurability": 0,
      "armordurability": 0,
      "fishingroddurability": 0,
      "umpan": 0,
      "lastumpan": 0,
      "heath": 100,
      "potion": 0,
      "trash": 0,
      "wood": 0,
      "rock": 0,
      "string": 0,
      "iron": 0,
      "gold": 0,
      "diamond": 0,
      "emerald": 0,
      "upgrader": 0,
      "bibitanggur": 0,
      "bibitmangga": 0,
      "bibitpisang": 0,
      "bibitapel": 0,
      "bibitjeruk": 0,
      "anggur": 0,
      "mangga": 0,
      "pisang": 0,
      "apel": 0,
      "jeruk": 0,
      "lastmulung": 0,
      "gandum": 0,
      "minyak": 0,
      "garam": 0,
      "common": 0,
      "uncommon": 0,
      "mythic": 0,
      "legendary": 0,
      "fishingrod": 0,
      "pet": 0,
      "petfood": 0,
      "horse": 0,
      "cat": 0,
      "dog": 0,
      "fox": 0,
      "robo": 0,
      "steak": 0,
      "ayam_goreng": 0,
      "ribs": 0,
      "roti": 0,
      "udang_goreng": 0,
      "bacon": 0,
      "kepiting": 0,
      "lobster": 0,
      "udang": 0,
      "cumi": 0,
      "gurita": 0,
      "buntal": 0,
      "dory": 0,
      "orca": 0,
      "lumba": 0,
      "paus": 0,
      "atm": 0,
      "hiu": 0,
      "phoenix": 0,
      "bank": 0
    },
    "6285183131924@s.whatsapp.net": {
      "banned": false,
      "exp": 0,
      "level": 1,
      "money": 0,
      "energy": 50,
      "lastdaily": 0,
      "lastmisi": 0,
      "lastmining": 0,
      "botol": 0,
      "kaleng": 0,
      "gelas": 0,
      "kardus": 0,
      "plastik": 0,
      "lastheal": 0,
      "lastdungeon": 0,
      "sword": 0,
      "armor": 0,
      "pickaxe": 0,
      "sworddurability": 0,
      "pickaxedurability": 0,
      "armordurability": 0,
      "fishingroddurability": 0,
      "umpan": 0,
      "lastumpan": 0,
      "heath": 100,
      "potion": 0,
      "trash": 0,
      "wood": 0,
      "rock": 0,
      "string": 0,
      "iron": 0,
      "gold": 0,
      "diamond": 0,
      "emerald": 0,
      "upgrader": 0,
      "bibitanggur": 0,
      "bibitmangga": 0,
      "bibitpisang": 0,
      "bibitapel": 0,
      "bibitjeruk": 0,
      "anggur": 0,
      "mangga": 0,
      "pisang": 0,
      "apel": 0,
      "jeruk": 0,
      "lastmulung": 0,
      "gandum": 0,
      "minyak": 0,
      "garam": 0,
      "common": 0,
      "uncommon": 0,
      "mythic": 0,
      "legendary": 0,
      "fishingrod": 0,
      "pet": 0,
      "petfood": 0,
      "horse": 0,
      "cat": 0,
      "dog": 0,
      "fox": 0,
      "robo": 0,
      "steak": 0,
      "ayam_goreng": 0,
      "ribs": 0,
      "roti": 0,
      "udang_goreng": 0,
      "bacon": 0,
      "kepiting": 0,
      "lobster": 0,
      "udang": 0,
      "cumi": 0,
      "gurita": 0,
      "buntal": 0,
      "dory": 0,
      "orca": 0,
      "lumba": 0,
      "paus": 0,
      "atm": 0,
      "hiu": 0,
      "phoenix": 0,
      "bank": 0
    },
    "6281456081108@s.whatsapp.net": {
      "banned": false,
      "exp": 0,
      "level": 1,
      "money": 0,
      "energy": 50,
      "lastdaily": 0,
      "lastmisi": 0,
      "lastmining": 0,
      "botol": 0,
      "kaleng": 0,
      "gelas": 0,
      "kardus": 0,
      "plastik": 0,
      "lastheal": 0,
      "lastdungeon": 0,
      "sword": 0,
      "armor": 0,
      "pickaxe": 0,
      "sworddurability": 0,
      "pickaxedurability": 0,
      "armordurability": 0,
      "fishingroddurability": 0,
      "umpan": 0,
      "lastumpan": 0,
      "heath": 100,
      "potion": 0,
      "trash": 0,
      "wood": 0,
      "rock": 0,
      "string": 0,
      "iron": 0,
      "gold": 0,
      "diamond": 0,
      "emerald": 0,
      "upgrader": 0,
      "bibitanggur": 0,
      "bibitmangga": 0,
      "bibitpisang": 0,
      "bibitapel": 0,
      "bibitjeruk": 0,
      "anggur": 0,
      "mangga": 0,
      "pisang": 0,
      "apel": 0,
      "jeruk": 0,
      "lastmulung": 0,
      "gandum": 0,
      "minyak": 0,
      "garam": 0,
      "common": 0,
      "uncommon": 0,
      "mythic": 0,
      "legendary": 0,
      "fishingrod": 0,
      "pet": 0,
      "petfood": 0,
      "horse": 0,
      "cat": 0,
      "dog": 0,
      "fox": 0,
      "robo": 0,
      "steak": 0,
      "ayam_goreng": 0,
      "ribs": 0,
      "roti": 0,
      "udang_goreng": 0,
      "bacon": 0,
      "kepiting": 0,
      "lobster": 0,
      "udang": 0,
      "cumi": 0,
      "gurita": 0,
      "buntal": 0,
      "dory": 0,
      "orca": 0,
      "lumba": 0,
      "paus": 0,
      "atm": 0,
      "hiu": 0,
      "phoenix": 0,
      "bank": 0
    },
    "62881012688091@s.whatsapp.net": {
      "banned": false,
      "exp": 0,
      "level": 1,
      "money": 0,
      "energy": 50,
      "lastdaily": 0,
      "lastmisi": 0,
      "lastmining": 0,
      "botol": 0,
      "kaleng": 0,
      "gelas": 0,
      "kardus": 0,
      "plastik": 0,
      "lastheal": 0,
      "lastdungeon": 0,
      "sword": 0,
      "armor": 0,
      "pickaxe": 0,
      "sworddurability": 0,
      "pickaxedurability": 0,
      "armordurability": 0,
      "fishingroddurability": 0,
      "umpan": 0,
      "lastumpan": 0,
      "heath": 100,
      "potion": 0,
      "trash": 0,
      "wood": 0,
      "rock": 0,
      "string": 0,
      "iron": 0,
      "gold": 0,
      "diamond": 0,
      "emerald": 0,
      "upgrader": 0,
      "bibitanggur": 0,
      "bibitmangga": 0,
      "bibitpisang": 0,
      "bibitapel": 0,
      "bibitjeruk": 0,
      "anggur": 0,
      "mangga": 0,
      "pisang": 0,
      "apel": 0,
      "jeruk": 0,
      "lastmulung": 0,
      "gandum": 0,
      "minyak": 0,
      "garam": 0,
      "common": 0,
      "uncommon": 0,
      "mythic": 0,
      "legendary": 0,
      "fishingrod": 0,
      "pet": 0,
      "petfood": 0,
      "horse": 0,
      "cat": 0,
      "dog": 0,
      "fox": 0,
      "robo": 0,
      "steak": 0,
      "ayam_goreng": 0,
      "ribs": 0,
      "roti": 0,
      "udang_goreng": 0,
      "bacon": 0,
      "kepiting": 0,
      "lobster": 0,
      "udang": 0,
      "cumi": 0,
      "gurita": 0,
      "buntal": 0,
      "dory": 0,
      "orca": 0,
      "lumba": 0,
      "paus": 0,
      "atm": 0,
      "hiu": 0,
      "phoenix": 0,
      "bank": 0
    },
    "62895321048195@s.whatsapp.net": {
      "banned": false,
      "exp": 0,
      "level": 1,
      "money": 0,
      "energy": 50,
      "lastdaily": 0,
      "lastmisi": 0,
      "lastmining": 0,
      "botol": 0,
      "kaleng": 0,
      "gelas": 0,
      "kardus": 0,
      "plastik": 0,
      "lastheal": 0,
      "lastdungeon": 0,
      "sword": 0,
      "armor": 0,
      "pickaxe": 0,
      "sworddurability": 0,
      "pickaxedurability": 0,
      "armordurability": 0,
      "fishingroddurability": 0,
      "umpan": 0,
      "lastumpan": 0,
      "heath": 100,
      "potion": 0,
      "trash": 0,
      "wood": 0,
      "rock": 0,
      "string": 0,
      "iron": 0,
      "gold": 0,
      "diamond": 0,
      "emerald": 0,
      "upgrader": 0,
      "bibitanggur": 0,
      "bibitmangga": 0,
      "bibitpisang": 0,
      "bibitapel": 0,
      "bibitjeruk": 0,
      "anggur": 0,
      "mangga": 0,
      "pisang": 0,
      "apel": 0,
      "jeruk": 0,
      "lastmulung": 0,
      "gandum": 0,
      "minyak": 0,
      "garam": 0,
      "common": 0,
      "uncommon": 0,
      "mythic": 0,
      "legendary": 0,
      "fishingrod": 0,
      "pet": 0,
      "petfood": 0,
      "horse": 0,
      "cat": 0,
      "dog": 0,
      "fox": 0,
      "robo": 0,
      "steak": 0,
      "ayam_goreng": 0,
      "ribs": 0,
      "roti": 0,
      "udang_goreng": 0,
      "bacon": 0,
      "kepiting": 0,
      "lobster": 0,
      "udang": 0,
      "cumi": 0,
      "gurita": 0,
      "buntal": 0,
      "dory": 0,
      "orca": 0,
      "lumba": 0,
      "paus": 0,
      "atm": 0,
      "hiu": 0,
      "phoenix": 0,
      "bank": 0
    },
    "628978518142@s.whatsapp.net": {
      "banned": false,
      "exp": 0,
      "level": 1,
      "money": 0,
      "energy": 50,
      "lastdaily": 0,
      "lastmisi": 0,
      "lastmining": 0,
      "botol": 0,
      "kaleng": 0,
      "gelas": 0,
      "kardus": 0,
      "plastik": 0,
      "lastheal": 0,
      "lastdungeon": 0,
      "sword": 0,
      "armor": 0,
      "pickaxe": 0,
      "sworddurability": 0,
      "pickaxedurability": 0,
      "armordurability": 0,
      "fishingroddurability": 0,
      "umpan": 0,
      "lastumpan": 0,
      "heath": 100,
      "potion": 0,
      "trash": 0,
      "wood": 0,
      "rock": 0,
      "string": 0,
      "iron": 0,
      "gold": 0,
      "diamond": 0,
      "emerald": 0,
      "upgrader": 0,
      "bibitanggur": 0,
      "bibitmangga": 0,
      "bibitpisang": 0,
      "bibitapel": 0,
      "bibitjeruk": 0,
      "anggur": 0,
      "mangga": 0,
      "pisang": 0,
      "apel": 0,
      "jeruk": 0,
      "lastmulung": 0,
      "gandum": 0,
      "minyak": 0,
      "garam": 0,
      "common": 0,
      "uncommon": 0,
      "mythic": 0,
      "legendary": 0,
      "fishingrod": 0,
      "pet": 0,
      "petfood": 0,
      "horse": 0,
      "cat": 0,
      "dog": 0,
      "fox": 0,
      "robo": 0,
      "steak": 0,
      "ayam_goreng": 0,
      "ribs": 0,
      "roti": 0,
      "udang_goreng": 0,
      "bacon": 0,
      "kepiting": 0,
      "lobster": 0,
      "udang": 0,
      "cumi": 0,
      "gurita": 0,
      "buntal": 0,
      "dory": 0,
      "orca": 0,
      "lumba": 0,
      "paus": 0,
      "atm": 0,
      "hiu": 0,
      "phoenix": 0,
      "bank": 0
    },
    "6288226579576@s.whatsapp.net": {
      "banned": false,
      "exp": 0,
      "level": 1,
      "money": 0,
      "energy": 50,
      "lastdaily": 0,
      "lastmisi": 0,
      "lastmining": 0,
      "botol": 0,
      "kaleng": 0,
      "gelas": 0,
      "kardus": 0,
      "plastik": 0,
      "lastheal": 0,
      "lastdungeon": 0,
      "sword": 0,
      "armor": 0,
      "pickaxe": 0,
      "sworddurability": 0,
      "pickaxedurability": 0,
      "armordurability": 0,
      "fishingroddurability": 0,
      "umpan": 0,
      "lastumpan": 0,
      "heath": 100,
      "potion": 0,
      "trash": 0,
      "wood": 0,
      "rock": 0,
      "string": 0,
      "iron": 0,
      "gold": 0,
      "diamond": 0,
      "emerald": 0,
      "upgrader": 0,
      "bibitanggur": 0,
      "bibitmangga": 0,
      "bibitpisang": 0,
      "bibitapel": 0,
      "bibitjeruk": 0,
      "anggur": 0,
      "mangga": 0,
      "pisang": 0,
      "apel": 0,
      "jeruk": 0,
      "lastmulung": 0,
      "gandum": 0,
      "minyak": 0,
      "garam": 0,
      "common": 0,
      "uncommon": 0,
      "mythic": 0,
      "legendary": 0,
      "fishingrod": 0,
      "pet": 0,
      "petfood": 0,
      "horse": 0,
      "cat": 0,
      "dog": 0,
      "fox": 0,
      "robo": 0,
      "steak": 0,
      "ayam_goreng": 0,
      "ribs": 0,
      "roti": 0,
      "udang_goreng": 0,
      "bacon": 0,
      "kepiting": 0,
      "lobster": 0,
      "udang": 0,
      "cumi": 0,
      "gurita": 0,
      "buntal": 0,
      "dory": 0,
      "orca": 0,
      "lumba": 0,
      "paus": 0,
      "atm": 0,
      "hiu": 0,
      "phoenix": 0,
      "bank": 0
    },
    "628815176172@s.whatsapp.net": {
      "banned": false,
      "exp": 0,
      "level": 1,
      "money": 0,
      "energy": 50,
      "lastdaily": 0,
      "lastmisi": 0,
      "lastmining": 0,
      "botol": 0,
      "kaleng": 0,
      "gelas": 0,
      "kardus": 0,
      "plastik": 0,
      "lastheal": 0,
      "lastdungeon": 0,
      "sword": 0,
      "armor": 0,
      "pickaxe": 0,
      "sworddurability": 0,
      "pickaxedurability": 0,
      "armordurability": 0,
      "fishingroddurability": 0,
      "umpan": 0,
      "lastumpan": 0,
      "heath": 100,
      "potion": 0,
      "trash": 0,
      "wood": 0,
      "rock": 0,
      "string": 0,
      "iron": 0,
      "gold": 0,
      "diamond": 0,
      "emerald": 0,
      "upgrader": 0,
      "bibitanggur": 0,
      "bibitmangga": 0,
      "bibitpisang": 0,
      "bibitapel": 0,
      "bibitjeruk": 0,
      "anggur": 0,
      "mangga": 0,
      "pisang": 0,
      "apel": 0,
      "jeruk": 0,
      "lastmulung": 0,
      "gandum": 0,
      "minyak": 0,
      "garam": 0,
      "common": 0,
      "uncommon": 0,
      "mythic": 0,
      "legendary": 0,
      "fishingrod": 0,
      "pet": 0,
      "petfood": 0,
      "horse": 0,
      "cat": 0,
      "dog": 0,
      "fox": 0,
      "robo": 0,
      "steak": 0,
      "ayam_goreng": 0,
      "ribs": 0,
      "roti": 0,
      "udang_goreng": 0,
      "bacon": 0,
      "kepiting": 0,
      "lobster": 0,
      "udang": 0,
      "cumi": 0,
      "gurita": 0,
      "buntal": 0,
      "dory": 0,
      "orca": 0,
      "lumba": 0,
      "paus": 0,
      "atm": 0,
      "hiu": 0,
      "phoenix": 0,
      "bank": 0
    }
  },
  "chats": {
    "6285765183832-1630501329@g.us": {
      "antilink": false,
      "antitoxic": false,
      "antitagsw": false,
      "warnings": {},
      "welcome": false
    },
    "120363369674093146@newsletter": {
      "antilink": false,
      "antitoxic": false,
      "antitagsw": false,
      "warnings": {},
      "welcome": false
    },
    "6285765183832@s.whatsapp.net": {
      "antilink": false,
      "antitoxic": false,
      "antitagsw": false,
      "warnings": {},
      "welcome": false
    },
    "120363257033988496@newsletter": {
      "antilink": false,
      "antitoxic": false,
      "antitagsw": false,
      "warnings": {},
      "welcome": false
    },
    "120363394619557675@g.us": {
      "antilink": false,
      "antitoxic": false,
      "antitagsw": false,
      "warnings": {},
      "welcome": false
    },
    "120363400278405877@g.us": {
      "antilink": false,
      "antitoxic": false,
      "antitagsw": false,
      "warnings": {},
      "welcome": false
    },
    "628815176172@s.whatsapp.net": {
      "antilink": false,
      "antitoxic": false,
      "antitagsw": false,
      "warnings": {},
      "welcome": false
    }
  },
  "others": {},
  "settings": {},
  "cooldowns": {},
  "data": {
    "users": {},
    "chats": {},
    "others": {},
    "settings": {}
  }
}